,epoch,valid_acc,train_acc,valid_loss,train_loss
0,0,0.8394886363636364,0.7387760281562805,3.6022454247330176,4.484124406524327
1,1,0.8887310606060606,0.8312854766845703,2.0891489404620547,2.9137076676905944
2,2,0.8314393939393939,0.8661980628967285,1.572355898492264,1.7881851133191518
3,3,0.9128787878787878,0.8814390301704407,0.7649187579976789,1.129420829475602
4,4,0.9119318181818182,0.8894730806350708,0.5532544983381574,0.7762602016062164
5,5,0.9285037878787878,0.8985704183578491,0.4384963887207436,0.5906960242524715
6,6,0.9185606060606061,0.9083176255226135,0.3897250730995879,0.47330655680444716
7,7,0.9024621212121212,0.9087901711463928,0.43931853291437484,0.41716445138808234
8,8,0.9138257575757576,0.9165288209915161,0.3434161673949072,0.3602471280005005
9,9,0.9176136363636364,0.917296826839447,0.34998229146003723,0.3362817634970992
10,10,0.9142992424242424,0.919541597366333,0.33578335558713385,0.3173564967799699
11,11,0.8963068181818182,0.9260987639427185,0.4127631484051094,0.2949661852154592
12,12,0.9166666666666666,0.9211956858634949,0.3175510746059996,0.2926925760192096
13,13,0.9005681818181818,0.928166389465332,0.3658958032275691,0.2690184455266353
14,14,0.8877840909090909,0.929052472114563,0.38359567968908587,0.26587379283653767
15,15,0.9053030303030303,0.9275165796279907,0.35258178951952496,0.26056010157067067
16,16,0.9109848484848485,0.9284026622772217,0.31810948433298053,0.25731508805291525
17,17,0.9067234848484849,0.930115818977356,0.36694478892693017,0.25115810110038306
18,18,0.9204545454545454,0.9307065606117249,0.32049568114576465,0.24509453509946572
19,19,0.8887310606060606,0.9285207986831665,0.46786543978095957,0.2517634892065099
20,20,0.9119318181818182,0.9317107796669006,0.3181876421652057,0.2370321385928611
21,21,0.9010416666666666,0.9324787855148315,0.3664776821987647,0.23262130480527257
22,22,0.9152462121212122,0.9306474924087524,0.35324152567508543,0.24864647214411845
23,23,0.9090909090909091,0.9353142976760864,0.34380097670311277,0.22466074851727103
24,24,0.9076704545454546,0.9334239363670349,0.34734265890085336,0.22771006891599
25,25,0.9071969696969697,0.9356096386909485,0.34765462470099784,0.2265598836050339
