,epoch,valid_acc,train_acc,valid_loss,train_loss,average time per epoch
0,0,0.556344697,0.474609375,1.133837693,1.213112844,2601.99/30 = 85.733
1,1,0.616477273,0.602805436,1.005960992,1.042869432,
2,2,0.838068182,0.765684187,0.495358755,0.651473451,
3,3,0.896306818,0.880445123,0.310113622,0.345361396,
4,4,0.904829545,0.921223998,0.259345583,0.222102104,
5,5,0.921401515,0.944187999,0.220298266,0.159233729,
6,6,0.915246212,0.959339499,0.236237426,0.116929124,
7,7,0.923768939,0.976740062,0.233388461,0.073119194,
8,8,0.929924242,0.986919999,0.25924988,0.043050941,
9,9,0.926609848,0.9963305,0.27831754,0.017802538,
10,10,0.925189394,0.990944624,0.277626376,0.028374005,
11,11,0.928977273,0.990767062,0.305368386,0.026608574,
12,12,0.928977273,0.998638749,0.332127748,0.005146873,
13,13,0.934185606,1,0.350208242,0.000890377,
14,14,0.935606061,1,0.361413558,0.000368152,
15,15,0.93655303,1,0.3649419,0.000259354,
16,16,0.935132576,1,0.383869567,0.000201505,
17,17,0.935606061,1,0.384519715,0.00016024,
18,18,0.935132576,1,0.39976505,0.000130198,
19,19,0.935132576,1,0.407071065,0.00010792,
20,20,0.935132576,1,0.414273274,9.03E-05,
21,21,0.935132576,1,0.42097128,7.60E-05,
22,22,0.934659091,1,0.428333879,6.41E-05,
23,23,0.935132576,1,0.434021239,5.46E-05,
24,24,0.935132576,1,0.440933094,4.70E-05,
25,25,0.935132576,1,0.447043242,4.03E-05,
26,26,0.93655303,1,0.45193689,3.47E-05,
27,27,0.935606061,1,0.459582264,2.99E-05,
28,28,0.937026515,1,0.460045599,2.59E-05,
29,29,0.935606061,1,0.471494643,2.25E-05,
30,30,0.93655303,1,0.477620997,1.96E-05,
31,31,0.935606061,1,0.483597126,1.71E-05,
32,32,0.936079545,1,0.489827726,1.49E-05,
33,33,0.93655303,1,0.49460845,1.30E-05,
34,34,0.93655303,1,0.501779129,1.13E-05,
35,35,0.93655303,1,0.506362922,9.89E-06,
